HMDB	SMILES
HMDB0010325	CCO[C@@H]1O[C@@H]([C@@H](O)[C@H](O)[C@H]1O)C(O)=O
HMDB0003269	OC(=O)CNC(=O)C1=CN=CC=C1
HMDB0002226	CCCCC\C=C/C\C=C/C\C=C/C\C=C/CCCCCC(O)=O
HMDB0004953	CCCCCCCCCCCCC\C=C\[C@@H](O)[C@H](CO)NC(=O)CCCCCCCCCCCCC\C=C/CCCCCCCC
HMDB0001390	CN1[C@@H](CC(O)C1=O)C1=CN=CC=C1
NA	NA
HMDB0008048	CCCCCCCCCCCCCCCCCC(=O)OC[C@]([H])(COP([O-])(=O)OCC[N+](C)(C)C)OC(=O)CCC\C=C/C\C=C/C\C=C/C\C=C/CCCCC
HMDB0001043	CCCCC\C=C/C\C=C/C\C=C/C\C=C/CCCC(O)=O
HMDB0000610	CCCCC\C=C/C\C=C/CCCCCCCC(=O)O[C@H]1CC[C@]2(C)C3CC[C@]4(C)C(CCC4C3CC=C2C1)[C@H](C)CCCC(C)C
HMDB0006726	CCCCC\C=C/C\C=C/C\C=C/C\C=C/CCCC(=O)O[C@H]1CC[C@]2(C)C3CC[C@]4(C)C(CCC4C3CC=C2C1)[C@H](C)CCCC(C)C
HMDB0001976	CCCCC\C=C/C\C=C/C\C=C/C\C=C/C\C=C/CCC(O)=O
HMDB0000779	OC(CC1=CC=CC=C1)C(O)=O
HMDB0004072	OC1=CC=C(C=C)C=C1
HMDB0002925	CCCCC\C=C/C\C=C/C\C=C/CCCCCCC(O)=O
HMDB0005060	CCCCC\C=C/C\C=C/CCCCCCCCCC(O)=O
HMDB0004193	CN1C=C(C=CC1=O)C(N)=O
HMDB0001488	OC(=O)C1=CN=CC=C1
HMDB0000296	OC[C@H]1O[C@H]([C@H](O)[C@@H]1O)N1C=CC(=O)NC1=O
HMDB0012107	CCCCCCCCCCCCC\C=C\[C@@H](O)[C@H](COP([O-])(=O)OCC[N+](C)(C)C)NC(=O)CCCCCCCCCCCCC\C=C/CCCCCCCC
HMDB0002064	CC(=O)NCCCCN
HMDB0000226	OC(=O)C1=CC(=O)NC(=O)N1
HMDB0008038	CCCCCCCCCCCCCCCCCC(=O)OC[C@]([H])(COP([O-])(=O)OCC[N+](C)(C)C)OC(=O)CCCCCCC\C=C/CCCCCCCC
HMDB0002183	CC\C=C/C\C=C/C\C=C/C\C=C/C\C=C/C\C=C/CCC(O)=O
HMDB0007871	[H][C@@](COC(=O)CCCCCCCCCCCCC)(COP([O-])(=O)OCC[N+](C)(C)C)OC(=O)CCCCCCCCCCCCCCCCC
HMDB0000251	NCCS(O)(=O)=O
HMDB0010169	CCCCCCCCCCCCCCCC(=O)N[C@@]([H])(COP(O)(=O)OCC[N+](C)(C)C)[C@]([H])(O)\C=C\CCCCCCCCCCCCC
HMDB0007970	[H][C@@](COC(=O)CCCCCCCCCCCCCCC)(COP([O-])(=O)OCC[N+](C)(C)C)OC(=O)CCCCCCCCCCCCCCCCC
HMDB0010412	[H][C@](COC(=O)CCCCCCCCCCCCCCC)(COC(=O)CCCCCCC\C=C/CCCCCC)OC(=O)CCCCCCCCCCCCC
HMDB0001414	NCCCCN
HMDB0000245	NCC1=C(CC(O)=O)C(CCC(O)=O)=CN1
HMDB0010370	CC\C=C/C\C=C/C\C=C/CCCCCCCC(=O)O[C@H]1CC[C@]2(C)C3CC[C@]4(C)C(CCC4C3CC=C2C1)[C@H](C)CCCC(C)C
HMDB0000201	CC(=O)O[C@H](CC([O-])=O)C[N+](C)(C)C
HMDB0007991	CCCCCCCCCCCCCCCC(=O)OC[C@]([H])(COP([O-])(=O)OCC[N+](C)(C)C)OC(=O)CC\C=C/C\C=C/C\C=C/C\C=C/C\C=C/C\C=C/CC
HMDB0001895	OC(=O)C1=CC=CC=C1O
HMDB0004956	CCCCCCCCCCCCCCCCCCCCCCCC(=O)N[C@@H](CO)[C@H](O)\C=C\CCCCCCCCCCCCC
HMDB0001138	CC(=O)NC(CCC(O)=O)C(O)=O
HMDB0004949	CCCCCCCCCCCCCCCC(=O)N[C@@H](CO)[C@H](O)\C=C\CCCCCCCCCCCCC
HMDB0005065	CCCCCCCC\C=C/CCCCCCCC(=O)O[C@H](CC([O-])=O)C[N+](C)(C)C
HMDB0000020	OC(=O)CC1=CC=C(O)C=C1
HMDB0008039	CCCCCCCCCCCCCCCCCC(=O)OC[C@]([H])(COP([O-])(=O)OCC[N+](C)(C)C)OC(=O)CCCCCCC\C=C/C\C=C/CCCCC
HMDB0001906	CC(C)(N)C(O)=O
HMDB0000177	N[C@@H](CC1=CN=CN1)C(O)=O
HMDB0007199	[H][C@](CO)(COC(=O)CCCCCCCCC\C=C/CCCCCC)OC(=O)CCC\C=C/C\C=C/C\C=C/C\C=C/CCCCC
HMDB0004952	CCCCCCCCCCCCCCCCCCCCCC(=O)N[C@@H](CO)[C@H](O)\C=C\CCCCCCCCCCCCC
HMDB0000918	CCCCCCCC\C=C/CCCCCCCC(=O)O[C@H]1CC[C@]2(C)C3CC[C@]4(C)C(CCC4C3CC=C2C1)[C@H](C)CCCC(C)C
HMDB0011130	[H][C@@](O)(COC(=O)CCCCCCCCCCCCCCCCC)COP(O)(=O)OCCN
HMDB0000956	O[C@H]([C@@H](O)C(O)=O)C(O)=O
HMDB0002014	CCCCCCCC\C=C/CCCC(=O)OC(CC([O-])=O)C[N+](C)(C)C
HMDB0011582	[H][C@](O)(CO)COC(=O)CCCCCCCCCCC\C=C/CCCCCCCC
HMDB0008047	CCCCCCCCCCCCCCCCCC(=O)OC[C@]([H])(COP([O-])(=O)OCC[N+](C)(C)C)OC(=O)CCCCCC\C=C/C\C=C/C\C=C/CCCCC
HMDB0006731	CC\C=C/C\C=C/C\C=C/C\C=C/C\C=C/CCCC(=O)O[C@H]1CC[C@]2(C)C3CC[C@]4(C)C(CCC4C3CC=C2C1)[C@H](C)CCCC(C)C
HMDB0007972	CCCCCCCCCCCCCCCC(=O)OC[C@]([H])(COP([O-])(=O)OCC[N+](C)(C)C)OC(=O)CCCCCCC\C=C/CCCCCCCC
HMDB0005359	[H][C@](COC(=O)CCCCCCCCCCCCCCC)(COC(=O)CCCCCCC\C=C/CCCCCC)OC(=O)CCCCCCCCCCCCCCC
HMDB0003349	OC(=O)[C@@H]1CC(=O)NC(=O)N1
HMDB0010391	CCCCCCCC\C=C/CCCCCCCCCC(=O)OC[C@@]([H])(O)COP([O-])(=O)OCC[N+](C)(C)C
HMDB0002013	CCCC(=O)O[C@H](CC([O-])=O)C[N+](C)(C)C
HMDB0000222	CCCCCCCCCCCCCCCC(=O)O[C@H](CC([O-])=O)C[N+](C)(C)C
HMDB0013122	CCCCCCCCCCCCCCCC\C=C/OC[C@](O)([H])COP([O-])(=O)OCC[N+](C)(C)C
HMDB0001999	CC\C=C/C\C=C/C\C=C/C\C=C/C\C=C/CCCC(O)=O
HMDB0000893	OC(=O)CCCCCCC(O)=O
HMDB0012104	CCCCCCCCCCCCC\C=C\[C@@H](O)[C@H](COP([O-])(=O)OCC[N+](C)(C)C)NC(=O)CCCCCCCCCCC\C=C/CCCCCCCC
HMDB0005476	[H][C@](COC(=O)CCCCCCC\C=C/C\C=C/CCCCC)(COC(=O)CCC\C=C/C\C=C/C\C=C/C\C=C/CCCCC)OC(=O)CCC\C=C/C\C=C/C\C=C/C\C=C/CCCCC
HMDB0004159	CCC1C(CC2=N\C(=C\C3=C(CCC(O)=O)C(C)=C(CC4NC(=O)C(CC)C4C)N3)C(CCC(O)=O)=C2C)NC(=O)C1C
HMDB0004161	CCC1=C(C)C(=O)NC1CC1=C(C)C(CCC(O)=O)=C(N1)\C=C1/N=C(CC2NC(=O)C(C=C)=C2C)C(C)=C1CCC(O)=O
HMDB0001227	CC1=CN([C@H]2C[C@H](O)[C@@H](COP(O)(O)=O)O2)C(=O)NC1=O
HMDB0005376	[H][C@](COC(=O)CCCCCCCCCCCCCCC)(COC(=O)CCCCCCC\C=C/CCCCCC)OC(=O)CCCCCCC\C=C/CCCCCC
HMDB0000043	C[N+](C)(C)CC([O-])=O
HMDB0010384	[H][C@@](O)(COC(=O)CCCCCCCCCCCCCCCCC)COP([O-])(=O)OCC[N+](C)(C)C
HMDB0012103	CCCCCCCCCCCCCCCCCCCCCC(=O)N[C@@H](COP([O-])(=O)OCC[N+](C)(C)C)[C@H](O)\C=C\CCCCCCCCCCCCC
HMDB0000666	CCCCCCC(O)=O
HMDB0000214	NCCC[C@H](N)C(O)=O
HMDB0000873	CC1=CC=C(O)C(O)=C1
HMDB0001232	OC1=CC=C(C=C1)[N+]([O-])=O
HMDB0002250	CCCCCCCCCCCC(=O)O[C@H](CC([O-])=O)C[N+](C)(C)C
HMDB0013337	CCCCCC\C=C/CCCCCCCCCC(=O)O[C@@H](CC([O-])=O)C[N+](C)(C)C
HMDB0008006	CCCCCC\C=C/CCCCCCCC(=O)OC[C@]([H])(COP([O-])(=O)OCC[N+](C)(C)C)OC(=O)CCCCCCC\C=C/C\C=C/CCCCC
HMDB0011252	CCCCCCCCCCCCCCCC\C=C/OC[C@]([H])(COP([O-])(=O)OCC[N+](C)(C)C)OC(=O)CCCCCC\C=C/C\C=C/C\C=C/CCCCC
HMDB0000506	[H][C@@]12CCC([C@H](C)CCC(O)=O)[C@@]1(C)CC[C@@]1([H])[C@@]2([H])[C@H](O)[C@@H](O)[C@]2([H])C[C@H](O)CC[C@]12C
HMDB0006469	CCCCC\C=C/C\C=C/CCCCCCCC(=O)O[C@H](CC(=O)[O-])C[N+](C)(C)C
HMDB0012102	CCCCCCCCCCCCCCCCCCCC(=O)N[C@@H](COP([O-])(=O)OCC[N+](C)(C)C)[C@H](O)\C=C\CCCCCCCCCCCCC
HMDB0000067	[H][C@@]1(CC[C@@]2([H])[C@]3([H])CC=C4C[C@@H](O)CC[C@]4(C)[C@@]3([H])CC[C@]12C)[C@H](C)CCCC(C)C
HMDB0005066	CCCCCCCCCCCCCC(=O)O[C@H](CC([O-])=O)C[N+](C)(C)C
HMDB0011621	OC(=O)CNC(=O)\C=C\C1=CC=CC=C1
HMDB0000086	C[N+](C)(C)CCOP([O-])(=O)OC[C@@H](O)CO
HMDB0000883	CC(C)[C@H](N)C(O)=O
HMDB0000897	CN1C=NC2=C1C(=O)N=C(N)N2
HMDB0011243	CCCCCCCCCCCCCCCC\C=C/OC[C@]([H])(COP([O-])(=O)OCC[N+](C)(C)C)OC(=O)CCCCCCC\C=C/CCCCCCCC
HMDB0003070	O[C@@H]1CC(=C[C@@H](O)[C@H]1O)C(O)=O
HMDB0011511	[H][C@@](O)(COC(=O)CCCCCCCCCCCCCCCCCCC)COP(O)(=O)OCCN
HMDB0000479	CN1C=NC=C1C[C@H](N)C(O)=O
HMDB0005395	[H][C@](COC(=O)CCCCCCCCCCCCCCCCC)(COC(=O)CCCCCCC\C=C/CCCCCCCC)OC(=O)CCCCCCCCCCCCCCCCC
HMDB0000128	NC(=N)NCC(O)=O
HMDB0000050	NC1=C2N=CN([C@@H]3O[C@H](CO)[C@@H](O)[C@H]3O)C2=NC=N1
HMDB0000152	OC(=O)C1=C(O)C=CC(O)=C1
HMDB0059824	[H]OC1=C(C([H])=C(C([H])=C1[H])C(=O)C([H])([H])[H])C([H])([H])[H]
HMDB0007100	[H][C@](CO)(COC(=O)CCCCCCCCCCCCCCC)OC(=O)CCCCCCCCCCCCCCCCC
HMDB0001921	CN(C)C(=N)NC(N)=N
HMDB0001432	NCCCCNC(N)=N
HMDB0000030	[H][C@]12CS[C@@H](CCCCC(O)=O)[C@@]1([H])NC(=O)N2
HMDB0005432	[H]C(COC(=O)CCCCCCC\C=C/CCCCCC)(COC(=O)CCCCCCC\C=C/CCCCCC)OC(=O)CCCCCCC\C=C/CCCCCC
HMDB0000139	OC[C@@H](O)C(O)=O
HMDB0000848	CCCCCCCCCCCCCCCCCC(=O)O[C@H](CC([O-])=O)C[N+](C)(C)C
HMDB0011506	[H][C@@](O)(COC(=O)CCCCCCC\C=C/CCCCCCCC)COP(O)(=O)OCCN
HMDB0011697	CCCCCCCCCCCCCCCCCCCCCCCC(=O)N[C@@]([H])(COP(O)(=O)OCC[N+](C)(C)C)[C@]([H])(O)\C=C\CCCCCCCCCCCCC
HMDB0001161	C[N+](C)(C)CCCC(O)=O
HMDB0013339	CCCCCC\C=C/CCCCCCCC(O)CC(=O)O[C@@H](CC([O-])=O)C[N+](C)(C)C
HMDB0002172	CC(=O)NCCCNCCCCNCCCNC(C)=O
HMDB0010383	CCCCCC\C=C/CCCCCCCC(=O)OC[C@@]([H])(O)COP([O-])(=O)OCC[N+](C)(C)C
HMDB0012097	CCCCCCCCCCCCC\C=C\[C@@H](O)[C@H](COP([O-])(=O)OCC[N+](C)(C)C)NC(=O)CCCCCCCCCCCCC
HMDB0000784	OC(=O)CCCCCCCC(O)=O
HMDB0000132	NC1=NC(=O)C2=C(N1)N=CN2
HMDB0010407	CCCCCCCCCCCCCC\C=C/OC[C@](O)([H])COP([O-])(=O)OCC[N+](C)(C)C
HMDB0000535	CCCCCC(O)=O
HMDB0007158	[H][C@](CO)(COC(=O)CCCCCCCCCCCCCCCCC)OC(=O)CCCCCCCCCCCCCCCCC
HMDB0005396	[H][C@](COC(=O)CCCCCCCCCCCCCCCCC)(COC(=O)CCCCCCCCC\C=C/CCCCCCCC)OC(=O)CCCCCCCCCCCCCCCCC
HMDB0000870	NCCC1=CNC=N1
HMDB0002302	OC(=O)CCC1=CNC2=CC=CC=C12
HMDB0004610	CCCCCCCCCCCCCC[C@@H](O)[C@@H](O)[C@@H](N)CO
HMDB0000097	C[N+](C)(C)CCO
HMDB0005404	[H][C@](COC(=O)CCCCCCCCCCCCCCCCC)(COC(=O)CCCCCCCCC\C=C/CCCCCCCC)OC(=O)CCCCCCC\C=C/CCCCCCCC
HMDB0000824	CCC(=O)OC(CC([O-])=O)C[N+](C)(C)C
HMDB0006733	CC\C=C/C\C=C/C\C=C/C\C=C/C\C=C/C\C=C/CCC(=O)O[C@H]1CC[C@]2(C)C3CC[C@]4(C)C(CCC4C3CC=C2C1)[C@H](C)CCCC(C)C
HMDB0042289	[H][C@](COC(=O)CCCCCCCCCCCCC)(COC(=O)CCCCCC\C=C/C\C=C/C\C=C/CCCCC)OC(=O)CCCCCCC\C=C/CCCC
HMDB0000555	C[C@@H](CCC(O)=O)CC(O)=O
HMDB0001924	CC(C)NCC(O)COC1=CC=C(CC(N)=O)C=C1
HMDB0002271	OC(=O)CCC1=CN=CN1
HMDB0037942	CC1NC(CC2=C1NC1=CC=CC=C21)C(O)=O
HMDB0005410	[H][C@](COC(=O)CCCCCCCCCCCCCCCCC)(COC(=O)CCCCCCCCC\C=C/CCCCCCCC)OC(=O)CCCCCCC\C=C/C\C=C/CCCCC
HMDB0007098	[H][C@](CO)(COC(=O)CCCCCCCCCCCCCCC)OC(=O)CCCCCCCCCCCCCCC
HMDB0000688	CC(C)CC(=O)OC(CC([O-])=O)C[N+](C)(C)C
HMDB0001348	CCCCCCCCCCCCCCCCCC(=O)N[C@@]([H])(COP(O)(=O)OCC[N+](C)(C)C)[C@]([H])(O)\C=C\CCCCCCCCCCCCC
HMDB0000699	C[N+]1=CC=CC(=C1)C(N)=O
HMDB0000212	CC(=O)N[C@H]1[C@@H](O)O[C@H](CO)[C@H](O)[C@@H]1O
HMDB0042063	[H][C@](COC(=O)CCCCCCCCCCCCC)(COC(=O)CCCCCCCCCCCCCCC)OC(=O)CCCCCCCCCCCCC
HMDB0002123	CN1C(=O)NC2=C1C(=O)N(C)C(=O)N2C
HMDB0000764	OC(=O)CCC1=CC=CC=C1
HMDB0001886	CN1C2=C(NC=N2)C(=O)NC1=O
HMDB0010419	[H]C(COC(=O)CCCCCCC\C=C/CCCCCC)(COC(=O)CCCCCCC\C=C/CCCCCC)OC(=O)CCCCCCCCCCCCC
HMDB0000875	C[N+]1=CC=CC(=C1)C([O-])=O
HMDB0011208	CCCCCCCCCCCCCCCCCC(=O)O[C@]([H])(CO\C=C/CCCCCCCCCCCCCC)COP([O-])(=O)OCC[N+](C)(C)C
HMDB0013253	CC(=O)NCCC1=CN=CN1
HMDB0011131	[H][C@](O)(CO)COC(=O)CCCCCCCCCCCCCCCCC
HMDB0011241	CCCCCCCCCCCCCCCCCC(=O)O[C@]([H])(CO\C=C/CCCCCCCCCCCCCCCC)COP([O-])(=O)OCC[N+](C)(C)C
HMDB0000613	OC[C@@H](O)[C@@H](O)C(O)=O
HMDB0005398	[H][C@](COC(=O)CCCCCCCCCCCCCCCCC)(COC(=O)CCC\C=C/C\C=C/C\C=C/C\C=C/CCCCC)OC(=O)CCCCCCCCCCCCCCCCC
HMDB0003459	C[C@@H](N)C(=O)N[C@H](C)C(O)=O
HMDB0005433	[H][C@](COC(=O)CCCCCCC\C=C/CCCCCC)(COC(=O)CCCCCCC\C=C/CCCCCCCC)OC(=O)CCCCCCC\C=C/CCCCCC
HMDB0013287	CN(C)CCCCC(N)C(O)=O
HMDB0000872	OC(=O)CCCCCCCCCCCCC(O)=O
HMDB0043058	[H][C@](COC(=O)CCCCCCCCCCCCCC)(COC(=O)CCC\C=C/C\C=C/C\C=C/CCCCCCCC)OC(=O)CCCCCCCCCCCCCCCCC
HMDB0000209	OC(=O)CC1=CC=CC=C1
HMDB0000885	[H][C@@]1(CC[C@@]2([H])[C@]3([H])CC=C4C[C@H](CC[C@]4(C)[C@@]3([H])CC[C@]12C)OC(=O)CCCCCCCCCCCCCCC)[C@H](C)CCCC(C)C
HMDB0029216	CCCCCCC\C=C\CCCCCCC[C@@H](O)[C@H](COP(O)(=O)OCC[N+](C)(C)C)NC(=O)CCCCCCC\C=C\CCCCCC
HMDB0010393	CCCCCCCC\C=C/C\C=C/C\C=C/CCCC(=O)OC[C@@]([H])(O)COP([O-])(=O)OCC[N+](C)(C)C
HMDB0010404	CC\C=C/C\C=C/C\C=C/C\C=C/C\C=C/C\C=C/CCC(=O)OC[C@@H](O)COP([O-])(=O)OCC[N+](C)(C)C
HMDB0029723	O=C1NS(=O)(=O)C2=C1C=CC=C2
HMDB0006219	C\C(\C=C\C1=C(C)CCCC1(C)C)=C/C=C/C(/C)=C\C(O)=O
HMDB0000448	OC(=O)CCCCC(O)=O
HMDB0002368	CCCCCCCC\C=C/CCCCCCCCCCCCCC(O)=O
HMDB0010471	[H][C@](COC(=O)CCCCCCC\C=C/C\C=C/CCCCC)(COC(=O)CCCCCCC\C=C/C\C=C/C\C=C/CC)OC(=O)CCCCCCCCCCCCC
HMDB0007216	[H][C@](CO)(COC(=O)CCCCCCC\C=C/CCCCCCCC)OC(=O)CCCCCCCCCCCCCCCCC
HMDB0010379	[H][C@@](O)(COC(=O)CCCCCCCCCCCCC)COP([O-])(=O)OCC[N+](C)(C)C
HMDB0010382	[H][C@@](O)(COC(=O)CCCCCCCCCCCCCCC)COP([O-])(=O)OCC[N+](C)(C)C
HMDB0005367	[H][C@](COC(=O)CCCCCCCCCCCCCCC)(COC(=O)CCCCCCC\C=C/CCCCCCCC)OC(=O)CCCCCCCCCCCCCCCCC
HMDB0000064	CN(CC(O)=O)C(N)=N
HMDB0000892	CCCCC(O)=O
HMDB0000888	OC(=O)CCCCCCCCCC(O)=O
HMDB0005377	[H][C@](COC(=O)CCCCCCCCCCCCCCC)(COC(=O)CCCCCCC\C=C/CCCCCCCC)OC(=O)CCCCCCC\C=C/CCCCCC
HMDB0000472	N[C@@H](CC1=CNC2=C1C=C(O)C=C2)C(O)=O
HMDB0029757	OC1=CC=C(CC#N)C=C1
HMDB0008105	CCCCCCCC\C=C/CCCCCCCC(=O)OC[C@]([H])(COP([O-])(=O)OCC[N+](C)(C)C)OC(=O)CCCCCCC\C=C/C\C=C/CCCCC
HMDB0000063	[H][C@@]12CC[C@](O)(C(=O)CO)[C@@]1(C)C[C@H](O)[C@@]1([H])[C@@]2([H])CCC2=CC(=O)CC[C@]12C
HMDB0000289	O=C1NC2=C(N1)C(=O)NC(=O)N2
HMDB0001859	CC(=O)NC1=CC=C(O)C=C1
HMDB0001991	CN1C=NC2=C1C(=O)NC(=O)N2
HMDB0001539	N[C@@H](CCC\N=C(/N)N(C)C)C(O)=O
HMDB0013133	CC(C(O)=O)C(=O)O[C@@H](CC([O-])=O)C[N+](C)(C)C
HMDB0047770	[H]C(COC(=O)CCCCCCC\C=C/CCCC)(COC(=O)CCCCCCC\C=C/CCCC)OC(=O)CCCCCCCCCCCCCCC
HMDB0005435	[H][C@](COC(=O)CCCCCCC\C=C/CCCCCC)(COC(=O)CCCCCCC\C=C/C\C=C/CCCCC)OC(=O)CCCCCCC\C=C/CCCCCC
HMDB0005365	[H][C@](COC(=O)CCCCCCCCCCCCCCC)(COC(=O)CCCCCCCCCCCCCCCCC)OC(=O)CCCCCCCCCCCCCCCCC
HMDB0005369	[H][C@](COC(=O)CCCCCCCCCCCCCCC)(COC(=O)CCCCCCC\C=C/C\C=C/CCCCC)OC(=O)CCCCCCCCCCCCCCCCC
HMDB0005403	[H][C@](COC(=O)CCCCCCCCCCCCCCCCC)(COC(=O)CCCCCCC\C=C/CCCCCCCC)OC(=O)CCCCCCC\C=C/CCCCCCCC
HMDB0005462	[H][C@](COC(=O)CCCCCCC\C=C/CCCCCCCC)(COC(=O)CCC\C=C/C\C=C/C\C=C/C\C=C/CCCCC)OC(=O)CCCCCCC\C=C/C\C=C/CCCCC
HMDB0000672	OC(=O)CCCCCCCCCCCCCCC(O)=O
HMDB0002024	OC(=O)CC1=CN=CN1
HMDB0000812	CC(=O)N[C@@H](CC(O)=O)C(O)=O
HMDB0000026	NC(=O)NCCC(O)=O
HMDB0001257	NCCCCNCCCN
HMDB0015371	CC1=CC(OCCCC(C)(C)C(O)=O)=C(C)C=C1
HMDB0029416	CNC(=N)NCCC[C@H](N)C(O)=O
HMDB0000452	CC[C@H](N)C(O)=O
HMDB0010375	CC\C=C/C\C=C/C\C=C/C\C=C/C\C=C/CCCCCC(=O)O[C@H]1CC[C@]2(C)C3CC[C@]4(C)C(CCC4C3CC=C2C1)[C@H](C)CCCC(C)C
HMDB0001276	CC(=O)NCCCNCCCCN
HMDB0005405	[H][C@](COC(=O)CCCCCCCCCCCCCCCCC)(COC(=O)CCCCCCC\C=C/C\C=C/CCCCC)OC(=O)CCCCCCC\C=C/CCCCCCCC
HMDB0000216	NC[C@H](O)C1=CC(O)=C(O)C=C1
HMDB0010368	CCCCCCCCCCCCCCCCCC(=O)O[C@H]1CC[C@]2(C)C3CC[C@]4(C)C(CCC4C3CC=C2C1)[C@H](C)CCCC(C)C
HMDB0000898	CN1C=NC(CCN)=C1
HMDB0000391	[H][C@@]12CC[C@H]([C@H](C)CCC(O)=O)[C@@]1(C)[C@@H](O)C[C@@]1([H])[C@@]2([H])C(=O)C[C@]2([H])C[C@H](O)CC[C@]12C
HMDB0000159	N[C@@H](CC1=CC=CC=C1)C(O)=O
HMDB0000884	CC1=CN([C@@H]2O[C@H](CO)[C@@H](O)[C@H]2O)C(=O)NC1=O
HMDB0011507	[H][C@@](O)(COC(=O)CCCCCCC\C=C/C\C=C/CCCCC)COP(O)(=O)OCCN
HMDB0002815	CCCCCCCC\C=C/CCCCCCCC(=O)OC[C@@]([H])(O)COP([O-])(=O)OCC[N+](C)(C)C
HMDB0002100	CCCCCCCCCCCCCCCC(=O)NCCO
HMDB0042301	[H]C(COC(=O)CCCCCCCCCCCCC)(COC(=O)CCCCCCCCCCCCC)OC(=O)CCCCCCC\C=C/CCCCCC
HMDB0000182	NCCCC[C@H](N)C(O)=O
HMDB0005360	[H][C@](COC(=O)CCCCCCCCCCCCCCC)(COC(=O)CCCCCCC\C=C/CCCCCCCC)OC(=O)CCCCCCCCCCCCCCC
HMDB0000925	C[N+](C)(C)[O-]
HMDB0008270	CCCCCCCCCCCCCCCCCCCC(=O)OC[C@]([H])(COP([O-])(=O)OCC[N+](C)(C)C)OC(=O)CCCCCCC\C=C/C\C=C/CCCCC
HMDB0014611	[H][C@]1(C[C@@H]2CC[N@]1C[C@@H]2C=C)[C@H](O)C1=CC=NC2=CC=C(OC)C=C12
HMDB0013331	CCCCCCCC\C=C\C=C\CC(=O)O[C@@H](CC([O-])=O)C[N+](C)(C)C
HMDB0000186	OC[C@H]1O[C@@H](O[C@H]2[C@H](O)[C@@H](O)[C@@H](O)O[C@@H]2CO)[C@H](O)[C@@H](O)[C@H]1O
HMDB0000092	CN(C)CC(O)=O
HMDB0001325	C[N+](C)(C)CCCC[C@H](N)C([O-])=O
HMDB0000852	[H][C@@]1(CC[C@@]2([H])[C@]3([H])CC=C4C[C@@H](O)CC[C@]4(C)[C@@]3([H])CC[C@]12C)[C@H](C)CC[C@@H](CC)C(C)C
HMDB0010387	CCCCC\C=C/C\C=C/C\C=C/CCCCC(=O)OC[C@](O)([H])COP([O-])(=O)OCC[N+](C)(C)C
HMDB0011210	CCCCCCCCCCCCCC\C=C/OC[C@]([H])(COP([O-])(=O)OCC[N+](C)(C)C)OC(=O)CCCCCCC\C=C/CCCCCCCC
HMDB0000651	CCCCCCCCCC(=O)OC(CC([O-])=O)C[N+](C)(C)C
HMDB0000619	[H][C@@]1(CC[C@@]2([H])[C@]3([H])[C@H](O)C[C@]4([H])C[C@H](O)CC[C@]4(C)[C@@]3([H])C[C@H](O)[C@]12C)[C@H](C)CCC(O)=O
HMDB0061710	CC(C)CCCCCCCCCCCCCCCC(O)=O
HMDB0042104	[H][C@](COC(=O)CCCCCCCCCCCCC)(COC(=O)CCCCCCCCCCC\C=C/CCCCCCCC)OC(=O)CCCCCCCCCCCCCC
HMDB0005356	[H]C(COC(=O)CCCCCCCCCCCCCCC)(COC(=O)CCCCCCCCCCCCCCC)OC(=O)CCCCCCCCCCCCCCC
HMDB0010411	[H]C(COC(=O)CCCCCCCCCCCCCCC)(COC(=O)CCCCCCCCCCCCCCC)OC(=O)CCCCCCCCCCCCC
HMDB0000094	OC(=O)CC(O)(CC(O)=O)C(O)=O
HMDB0000698	[H][C@@]1(CC[C@@]2([H])[C@]3([H])CC[C@]4([H])C[C@H](O)CC[C@]4(C)[C@@]3([H])CC[C@]12C)[C@H](C)CCC(=O)NCC(O)=O
HMDB0000932	[H][C@@]12C[C@H](O)CC[C@]1(C)C1CC[C@]3(C)[C@H](CCC3C1[C@@H](O)[C@H]2O)[C@H](C)CCC(=O)NCCS(O)(=O)=O
HMDB0001046	CN1C(CCC1=O)C1=CN=CC=C1
HMDB0000262	CC1=CNC(=O)NC1=O
HMDB0007102	[H][C@](CO)(COC(=O)CCCCCCCCCCCCCCC)OC(=O)CCCCCCC\C=C/CCCCCCCC
HMDB0001202	NC1=NC(=O)N(C=C1)[C@H]1C[C@H](O)[C@@H](COP(O)(O)=O)O1
HMDB0000407	CC(C)C(O)C(O)=O
HMDB0005357	[H][C@](COC(=O)CCCCCCCCCCCCCCC)(COC(=O)CCCCCCCCCCCCCCCCC)OC(=O)CCCCCCCCCCCCCCC
HMDB0000292	O=C1NC2=C(NC=N2)C(=O)N1
HMDB0042466	[H][C@](COC(=O)CCCCCCCCCCCCC)(COC(=O)CCCCCCC\C=C/C\C=C/CCCCC)OC(=O)CCCCCCCCCCC\C=C/CCCCCCCC
HMDB0015070	CC1=CC(=C(O)C(C)=C1CC1=NCCN1)C(C)(C)C
HMDB0005456	[H][C@](COC(=O)CCCCCCC\C=C/CCCCCCCC)(COC(=O)CCC\C=C/C\C=C/C\C=C/C\C=C/CCCCC)OC(=O)CCCCCCC\C=C/CCCCCCCC
HMDB0006729	CCCCC\C=C/C\C=C/C\C=C/C\C=C/CCCCCC(=O)O[C@H]1CC[C@]2(C)C3CC[C@]4(C)C(CCC4C3CC=C2C1)[C@H](C)CCCC(C)C
HMDB0000562	CN1CC(=O)NC1=N
HMDB0001547	[H][C@@]1(CC[C@@]2([H])[C@]3([H])CCC4=CC(=O)CC[C@]4(C)[C@@]3([H])[C@@]([H])(O)C[C@]12C)C(=O)CO
HMDB0000908	[H][C@@]1(CC[C@@]2([H])[C@]3([H])CC[C@@]4([H])C[C@@H](O)CC[C@]4(C)[C@@]3([H])CC[C@]12C)[C@H](C)CCCC(C)C
HMDB0000252	CCCCCCCCCCCCC\C=C\C(O)C(N)CO
HMDB0001518	CC1=C(O)C(C)=C2CCC(C)(CCC(O)=O)OC2=C1C
HMDB0002392	[H][C@@]12CC(C)(C)CC[C@@]1(CC[C@]1(C)C2=CC[C@]2([H])[C@@]3(C)C[C@@H](O)[C@H](O)C(C)(C)[C@]3([H])CC[C@@]12C)C(O)=O
HMDB0011526	[H][C@@](O)(COC(=O)CC\C=C/C\C=C/C\C=C/C\C=C/C\C=C/C\C=C/CC)COP(O)(=O)OCCN
HMDB0002259	CCCCCCCCCCCCCCCCC(O)=O
HMDB0000670	N[C@@H](CCCCNC(N)=N)C(O)=O
HMDB0001889	CN1C2=C(NC=N2)C(=O)N(C)C1=O
HMDB0042226	[H][C@](COC(=O)CCCCCCCCCCCCC)(COC(=O)CCCCCCC\C=C/C\C=C/CCCCC)OC(=O)CCCCCCCCCCCCCCCCCCCCC
HMDB0007132	[H][C@](CO)(COC(=O)CCCCCCC\C=C/CCCCCC)OC(=O)CCCCCCC\C=C/C\C=C/CCCCC
HMDB0010395	CCCCC\C=C/C\C=C/C\C=C/C\C=C/CCCC(=O)OC[C@](O)([H])COP([O-])(=O)OCC[N+](C)(C)C
HMDB0060994	COCC(O)C1=CC=C(OCC(O)CNC(C)C)C=C1
HMDB0007873	CCCCCCCCCCCCCC(=O)OC[C@]([H])(COP([O-])(=O)OCC[N+](C)(C)C)OC(=O)CCCCCCC\C=C/CCCCCCCC
HMDB0000158	N[C@@H](CC1=CC=C(O)C=C1)C(O)=O
HMDB0001186	CC(=O)NCCCNCCCCNCCCN
HMDB0011504	[H][C@@](O)(COC(=O)CCCCCCC\C=C/CCCCCC)COP(O)(=O)OCCN
HMDB0002121	CC(C)C1=CC2=C(C(O)=C1O)[C@@]13CCCC(C)(C)[C@@H]1C[C@@H]2OC3=O
HMDB0004400	CN1C(=O)NC(N)=C(NC(C)=O)C1=O
HMDB0005384	[H][C@](COC(=O)CCCCCCCCCCCCCCC)(COC(=O)CCCCCCC\C=C/C\C=C/CCCCC)OC(=O)CCCCCCC\C=C/CCCCCCCC
HMDB0004704	CCCCC\C=C/CC(O)C(O)CCCCCCCC(O)=O
HMDB0002231	CCCCCCCC\C=C/CCCCCCCCCC(O)=O
HMDB0042061	[H]C(COC(=O)CCCCCCCCCCCCC)(COC(=O)CCCCCCCCCCCCC)OC(=O)CCCCCCCCCCCCC
HMDB0000792	OC(=O)CCCCCCCCC(O)=O
HMDB0011517	[H][C@@](O)(COC(=O)CCC\C=C/C\C=C/C\C=C/C\C=C/CCCCC)COP(O)(=O)OCCN
HMDB0013325	CCCCC\C=C/C=C/C(=O)O[C@H](CC([O-])=O)C[N+](C)(C)C
HMDB0011565	[H][C@](O)(CO)COC(=O)CCCCCCC\C=C/CCCCCC
HMDB0011220	CCCCCCCCCCCCCC\C=C/OC[C@]([H])(COP([O-])(=O)OCC[N+](C)(C)C)OC(=O)CCC\C=C/C\C=C/C\C=C/C\C=C/CCCCC
HMDB0015052	CC1=NC=C(N1CCO)[N+]([O-])=O
HMDB0000866	CC(=O)N[C@@H](CC1=CC=C(O)C=C1)C(O)=O
HMDB0013326	CCCCCCCC\C=C/CCCCCC(O)CC(=O)O[C@@H](CC([O-])=O)C[N+](C)(C)C
HMDB0007218	[H][C@](CO)(COC(=O)CCCCCCC\C=C/CCCCCCCC)OC(=O)CCCCCCC\C=C/CCCCCCCC
HMDB0007973	CCCCCCCCCCCCCCCC(=O)OC[C@]([H])(COP([O-])(=O)OCC[N+](C)(C)C)OC(=O)CCCCCCC\C=C/C\C=C/CCCCC
HMDB0035665	OC(=O)C1CC2=C(CN1)NC1=CC=CC=C21
HMDB0000174	C[C@@H]1OC(O)[C@@H](O)[C@H](O)[C@@H]1O
HMDB0002068	CCCCCCCC\C=C/CCCCCCCCCCCC(O)=O
HMDB0001847	CN1C=NC2=C1C(=O)N(C)C(=O)N2C
HMDB0000786	O=C1NC(=O)C2=CNNC2=N1
HMDB0005015	NCC1(CC(O)=O)CCCCC1
HMDB0000687	CC(C)C[C@H](N)C(O)=O
HMDB0000881	OC(=O)C1=NC2=C(O)C=CC=C2C(O)=C1
HMDB0000673	CCCCC\C=C/C\C=C/CCCCCCCC(O)=O
HMDB0029432	CS(=O)CC(N)C(O)=O
HMDB0000156	O[C@@H](CC(O)=O)C(O)=O
HMDB0005370	[H][C@](COC(=O)CCCCCCCCCCCCCCC)(COC(=O)CCC\C=C/C\C=C/C\C=C/C\C=C/CCCCC)OC(=O)CCCCCCCCCCCCCCCCC
HMDB0002322	NCCCCCN
HMDB0000194	CN1C=NC=C1C[C@H](NC(=O)CCN)C(O)=O
HMDB0033585	CC1=CC(=O)NS(=O)(=O)O1
HMDB0001563	CN1C(N)=NC2=C(N=CN2[C@@H]2O[C@H](CO)[C@@H](O)[C@H]2O)C1=O
HMDB0007103	[H][C@](CO)(COC(=O)CCCCCCCCCCCCCCC)OC(=O)CCCCCCC\C=C/C\C=C/CCCCC
HMDB0011718	OC1=CC=C(C=O)C=C1
HMDB0000190	C[C@H](O)C(O)=O
HMDB0006736	CCCCC\C=C/C\C=C/C\C=C/CCCCCCC(=O)O[C@H]1CC[C@@]2(C)C(=CCC3C4CCC([C@H](C)CCCC(C)C)[C@@]4(C)CCC23)C1
HMDB0000691	OC(=O)CC(O)=O
HMDB0000766	C[C@H](NC(C)=O)C(O)=O
HMDB0006725	[H][C@@]1(CC[C@@]2([H])[C@]3([H])CC=C4C[C@H](CC[C@]4(C)[C@@]3([H])CC[C@]12C)OC(=O)CCCCCCCCCCCCC)[C@H](C)CCCC(C)C
HMDB0000631	[H][C@]12CCC3C4CC[C@H]([C@H](C)CCC(=O)NCC(O)=O)[C@@]4(C)[C@@H](O)CC3[C@@]1(C)CC[C@@H](O)C2
HMDB0000725	O[C@H]1CN[C@@H](C1)C(O)=O
HMDB0002203	CCCCCCCC(O)CC(O)=O
HMDB0011503	[H][C@@](O)(COC(=O)CCCCCCCCCCCCCCC)COP(O)(=O)OCCN
HMDB0000658	[H][C@@]1(CC[C@@]2([H])[C@]3([H])CC=C4C[C@H](CC[C@]4(C)[C@@]3([H])CC[C@]12C)OC(=O)CCCCCCC\C=C/CCCCCC)[C@H](C)CCCC(C)C
HMDB0007011	[H][C@](CO)(COC(=O)CCCCCCCCCCCCC)OC(=O)CCCCCCCCCCCCCCC
HMDB0005363	[H][C@](COC(=O)CCCCCCCCCCCCCCC)(COC(=O)CCC\C=C/C\C=C/C\C=C/C\C=C/CCCCC)OC(=O)CCCCCCCCCCCCCCC
HMDB0000168	N[C@@H](CC(N)=O)C(O)=O
HMDB0005032	OC(=O)COCCN1CCN(CC1)C(C1=CC=CC=C1)C1=CC=C(Cl)C=C1
HMDB0008138	CCCCC\C=C/C\C=C/CCCCCCCC(=O)OC[C@]([H])(COP([O-])(=O)OCC[N+](C)(C)C)OC(=O)CCCCCCC\C=C/C\C=C/CCCCC
HMDB0000711	CCCCCCC(O)C(O)=O
HMDB0002261	CCCCCCCCCCCCC(O)C(O)=O
HMDB0000957	OC1=CC=CC=C1O
HMDB0012101	CCCCCCCCCCCCC\C=C\[C@@H](O)[C@H](COP([O-])(=O)OCC[N+](C)(C)C)NC(=O)CCCCCCC\C=C/CCCCCCCC
HMDB0000365	[H][C@@]12CCC(=O)[C@@]1(C)CC[C@@]1([H])[C@@]2([H])CCC2C[C@@H](O)CC[C@]12C
HMDB0000637	[H][C@@]12C[C@H](O)CC[C@]1(C)C1CC[C@]3(C)[C@H](CCC3C1[C@H](O)C2)[C@H](C)CCC(=O)NCC(O)=O
HMDB0000118	COC1=CC(CC(O)=O)=CC=C1O
HMDB0000054	CC1=C(C=C)\C(NC1=O)=C\C1=C(C)C(CCC(O)=O)=C(CC2=C(CCC(O)=O)C(C)=C(N2)\C=C2/NC(=O)C(C=C)=C2C)N1
HMDB0007128	[H][C@](CO)(COC(=O)CCCCCCC\C=C/CCCCCC)OC(=O)CCCCCCC\C=C/CCCCCC
HMDB0000482	CCCCCCCC(O)=O
HMDB0007219	[H][C@](CO)(COC(=O)CCCCCCC\C=C/CCCCCCCC)OC(=O)CCCCCCC\C=C/C\C=C/CCCCC
HMDB0007099	[H][C@](CO)(COC(=O)CCCCCCCCCCCCCCC)OC(=O)CCCCCCC\C=C/CCCCCC
HMDB0000162	OC(=O)[C@@H]1CCCN1
HMDB0000089	NC1=NC(=O)N(C=C1)[C@@H]1O[C@H](CO)[C@@H](O)[C@H]1O
HMDB0000518	[H][C@@]1(CC[C@@]2([H])[C@]3([H])[C@H](O)C[C@]4([H])C[C@H](O)CC[C@]4(C)[C@@]3([H])CC[C@]12C)[C@H](C)CCC(O)=O
HMDB0000187	N[C@@H](CO)C(O)=O
HMDB0003431	N[C@H](CO)CC1=CN=CN1
HMDB0000195	OC[C@H]1O[C@H]([C@H](O)[C@@H]1O)N1C=NC2=C1NC=NC2=O
HMDB0003357	CC(=O)N[C@@H](CCCN)C(O)=O
HMDB0013716	CCC[C@@H](N)C(O)=O
HMDB0000244	CC1=C(C)C=C2N(C[C@H](O)[C@H](O)[C@H](O)CO)C3=NC(=O)NC(=O)C3=NC2=C1
HMDB0000630	NC1=CC=NC(=O)N1
HMDB0000122	OC[C@H]1OC(O)[C@H](O)[C@@H](O)[C@@H]1O
HMDB0011310	CCCCCCCC\C=C/CCCCCC\C=C/OC[C@]([H])(COP([O-])(=O)OCC[N+](C)(C)C)OC(=O)CCCCCCC\C=C/C\C=C/CCCCC
HMDB0000017	CC1=NC=C(CO)C(C(O)=O)=C1O
HMDB0000197	OC(=O)CC1=CNC2=C1C=CC=C2
HMDB0004030	[H][C@@]12CC[C@](O)(C(C)=O)[C@@]1(C)C[C@@H](O)[C@@]1([H])[C@@]2([H])CCC2=CC(=O)CC[C@]12C
HMDB0000161	C[C@H](N)C(O)=O
HMDB0005385	[H][C@](COC(=O)CCCCCCCCCCCCCCC)(COC(=O)CCC\C=C/C\C=C/C\C=C/C\C=C/CCCCC)OC(=O)CCCCCCC\C=C/CCCCCCCC
HMDB0004620	CC(=O)N[C@@H](CCCNC(N)=N)C(O)=O
HMDB0000827	CCCCCCCCCCCCCCCCCC(O)=O
HMDB0006460	CCCCCCCCCCCCCCCCCCCC(=O)OC(CC([O-])=O)C[N+](C)(C)C
HMDB0003229	CCCCCC\C=C/CCCCCCCC(O)=O
HMDB0000036	[H][C@@]1(CC[C@@]2([H])[C@]3([H])[C@H](O)C[C@]4([H])C[C@H](O)CC[C@]4(C)[C@@]3([H])C[C@H](O)[C@]12C)[C@H](C)CCC(=O)NCCS(O)(=O)=O
HMDB0002320	OC(CN1C=CN=C1)C(O)=O
HMDB0011520	[H][C@@](O)(COC(=O)CCCCCCCCCCCCCCCCCCCCC)COP(O)(=O)OCCN
HMDB0000191	N[C@@H](CC(O)=O)C(O)=O
HMDB0002364	CC1(C)CC[C@@]2(CC[C@]3(C)C(=CC[C@@H]4[C@@]5(C)CC[C@H](O)C(C)(C)[C@@H]5CC[C@@]34C)[C@@H]2C1)C(O)=O
HMDB0007248	[H][C@](CO)(COC(=O)CCCCCCC\C=C/C\C=C/CCCCC)OC(=O)CCCCCCC\C=C/C\C=C/CCCCC
HMDB0002820	CN1C=NC(CC(O)=O)=C1
HMDB0001185	C[S+](CC[C@H](N)C(O)=O)C[C@H]1O[C@H]([C@H](O)[C@@H]1O)N1C=NC2=C1N=CN=C2N
HMDB0013622	CCCCCCCC\C=C/CCCCCCCCC(O)=O
HMDB0006023	CO[C@@H]1[C@@H](CO)O[C@H]([C@@H]1O)N1C=NC2=C1N=CN=C2N
HMDB0012252	CCCCC\C=C/C\C=C/CCCCCCCC(=O)NCCO
HMDB0000951	[H][C@@]1(CC[C@@]2([H])[C@]3([H])[C@H](O)C[C@]4([H])C[C@H](O)CC[C@]4(C)[C@@]3([H])CC[C@]12C)[C@H](C)CCC(=O)NCCS(O)(=O)=O
HMDB0000623	OC(=O)CCCCCCCCCCC(O)=O
HMDB0010397	CC\C=C/C\C=C/C\C=C/C\C=C/C\C=C/CCCC(=O)OC[C@](O)([H])COP([O-])(=O)OCC[N+](C)(C)C
HMDB0013288	CCCCCCCCC(=O)OC(CC([O-])=O)C[N+](C)(C)C
HMDB0000641	N[C@@H](CCC(N)=O)C(O)=O
HMDB0000300	O=C1NC=CC(=O)N1
HMDB0013222	NC(=N)NCCC(O)=O
HMDB0007869	[H][C@@](COC(=O)CCCCCCCCCCCCC)(COP([O-])(=O)OCC[N+](C)(C)C)OC(=O)CCCCCCCCCCCCCCC
HMDB0005436	[H][C@](COC(=O)CCCCCCC\C=C/CCCCCC)(COC(=O)CCC\C=C/C\C=C/C\C=C/C\C=C/CCCCC)OC(=O)CCCCCCC\C=C/CCCCCC
HMDB0008925	[H][C@@](COC(=O)CCCCCCCCCCCCCCC)(COP(O)(=O)OCCN)OC(=O)CCCCCCCCCCCCCCCCC
HMDB0004827	C[N+]1(C)CCC[C@H]1C([O-])=O
HMDB0004705	CCCCCC(O)C(O)C\C=C/CCCCCCCC(O)=O
HMDB0000896	[H][C@@]1(CC[C@@]2([H])[C@]3([H])CC[C@]4([H])C[C@H](O)CC[C@]4(C)[C@@]3([H])C[C@H](O)[C@]12C)[C@H](C)CCC(=O)NCCS(O)(=O)=O
HMDB0000206	CC(=O)NCCCC[C@H](N)C(O)=O
HMDB0000510	NC(CCCC(O)=O)C(O)=O
HMDB0000098	O[C@@H]1COC(O)[C@H](O)[C@H]1O
HMDB0000722	C[C@H](CCC(=O)NCCS(O)(=O)=O)C1CCC2C3CCC4C[C@H](O)CC[C@]4(C)C3CC[C@]12C
HMDB0047888	[H][C@](COC(=O)CCCCCCC\C=C/CCCC)(COC(=O)CCCCCCC\C=C/CCCCCCCC)OC(=O)CCCCCCC\C=C/CCCC
HMDB0010517	[H][C@@](COC(=O)CCCCCCC\C=C/C\C=C/C\C=C/CC)(COC(=O)CCC\C=C/C\C=C/C\C=C/C\C=C/CCCCC)OC(=O)CCCCCCCCCCCCC
HMDB0005391	[H][C@](COC(=O)CCCCCCCCCCCCCCC)(COC(=O)CCC\C=C/C\C=C/C\C=C/C\C=C/CCCCC)OC(=O)CCCCCCC\C=C/C\C=C/CCCCC
HMDB0000826	CCCCCCCCCCCCCCC(O)=O
HMDB0000247	OC[C@H](O)[C@@H](O)[C@H](O)[C@H](O)CO
HMDB0000806	CCCCCCCCCCCCCC(O)=O
HMDB0006455	CCCCCCCCC\C=C/C\C=C/C\C=C/C\C=C/CCCC(=O)OC(CC(O)=O)C[N+](C)(C)C
HMDB0000220	CCCCCCCCCCCCCCCC(O)=O
HMDB0001954	CCCCCC(O)CC(O)=O
HMDB0060920	CC(C(O)=O)C1=CC=C(CC(C)(C)O)C=C1
HMDB0000317	CC[C@@H](C)[C@@H](O)C(O)=O
HMDB0011701	[H][C@](COC(=O)CCCCCCCCCCCCCC)(COC(=O)CCCCCC\C=C/C\C=C/C\C=C/CCCCC)OC(=O)CCCCCCCCCCCCCCC
HMDB0005380	[H][C@](COC(=O)CCCCCCCCCCCCCCC)(COC(=O)CCC\C=C/C\C=C/C\C=C/C\C=C/CCCCC)OC(=O)CCCCCCC\C=C/CCCCCC
HMDB0000626	[H][C@@]1(CC[C@@]2([H])[C@]3([H])CC[C@]4([H])C[C@H](O)CC[C@]4(C)[C@@]3([H])C[C@H](O)[C@]12C)[C@H](C)CCC(O)=O
HMDB0000034	NC1=C2NC=NC2=NC=N1
HMDB0001149	NCC(=O)CCC(O)=O
HMDB0005362	[H][C@](COC(=O)CCCCCCCCCCCCCCC)(COC(=O)CCCCCCC\C=C/C\C=C/CCCCC)OC(=O)CCCCCCCCCCCCCCC
HMDB0002329	OC(=O)C(O)=O
HMDB0000259	NCCC1=CNC2=CC=C(O)C=C12
HMDB0000134	OC(=O)\C=C\C(O)=O
HMDB0000172	CC[C@H](C)[C@H](N)C(O)=O
HMDB0001370	N[C@@H](CCC[C@H](N)C(O)=O)C(O)=O
HMDB0000237	CCC(O)=O
HMDB0000062	C[N+](C)(C)C[C@H](O)CC([O-])=O
HMDB0000716	OC(=O)[C@@H]1CCCCN1
HMDB0000703	O[C@H](C(O)=O)C1=CC=CC=C1
HMDB0000123	NCC(O)=O
HMDB0000929	N[C@@H](CC1=CNC2=C1C=CC=C2)C(O)=O
HMDB0001925	CC(C)CC1=CC=C(C=C1)C(C)C(O)=O
HMDB0001169	NC1=CC=C(O)C=C1
HMDB0000761	[H][C@@]1(CC[C@@]2([H])[C@]3([H])CC[C@]4([H])C[C@H](O)CC[C@]4(C)[C@@]3([H])CC[C@]12C)[C@H](C)CCC(O)=O
HMDB0000874	[H][C@@]12CC[C@H]([C@H](C)CCC(=O)NCCS(O)(=O)=O)[C@@]1(C)CC[C@@]1([H])[C@@]2([H])[C@@H](O)CC2C[C@H](O)CC[C@]12C
HMDB0000138	[H][C@@]12CC[C@H]([C@H](C)CCC(=O)NCC(O)=O)[C@@]1(C)[C@@H](O)C[C@@]1([H])[C@@]2([H])[C@H](O)CC2C[C@H](O)CC[C@]12C
HMDB0000802	NC1=NC2=NC=CN=C2C(=O)N1
HMDB0004824	CN(C)C1=NC(=O)C2=C(N1)N(C=N2)[C@@H]1O[C@H](CO)[C@@H](O)[C@H]1O
HMDB0000167	C[C@@H](O)[C@H](N)C(O)=O
HMDB0000682	OS(=O)(=O)OC1=CNC2=CC=CC=C12
HMDB0000529	CCCCCC\C=C/CCCC(O)=O
HMDB0013733	CC1=CC(C)=C(C)C=C1
HMDB0000801	CC(C)CCCC(C)CCCC(C)CCCC(C)CC(O)=O
HMDB0031106	CCCCCCCCCCCCCCCCC(=O)OCC(COC(=O)CCCCCCCCCCCCCCCC)OC(=O)CCCCCCCCCCCCCCCC
HMDB0000638	CCCCCCCCCCCC(O)=O
HMDB0001008	CC1=C(C=C)\C(NC1=O)=C\C1=C(C)C(CCC(O)=O)=C(N1)\C=C1/N=C(/C=C2\NC(=O)C(C=C)=C2C)C(C)=C1CCC(O)=O
HMDB0000148	N[C@@H](CCC(O)=O)C(O)=O
HMDB0003339	N[C@H](CCC(O)=O)C(O)=O
HMDB0000517	N[C@@H](CCCNC(N)=N)C(O)=O
HMDB0030180	[H][C@@]1(CC[C@@]2(O)C3=CC(=O)[C@]4([H])C[C@@H](O)[C@@H](O)C[C@]4(C)[C@@]3([H])CC[C@]12C)[C@@](C)(O)[C@H](O)CCC(C)(C)O
HMDB0002000	CCCC\C=C/CCCCCCCC(O)=O
HMDB0008923	[H][C@@](COC(=O)CCCCCCCCCCCCCCC)(COP(O)(=O)OCCN)OC(=O)CCCCCCCCCCCCCCC
HMDB0000904	N[C@@H](CCCNC(N)=O)C(O)=O
HMDB0042093	[H][C@](COC(=O)CCCCCCCCCCCCC)(COC(=O)CCCCCCCCCCCCCCC)OC(=O)CCCCCCCCCCCCCC
HMDB0010386	CCCCC\C=C/C\C=C/CCCCCCCC(=O)OC[C@@]([H])(O)COP([O-])(=O)OCC[N+](C)(C)C
HMDB0000056	NCCC(O)=O
HMDB0000679	N[C@@H](CCCCNC(N)=O)C(O)=O
HMDB0003464	NC(N)=NCCCC(O)=O
HMDB0059655	OC(CCC(O)=O)C(O)=O
HMDB0001388	CC\C=C/C\C=C/C\C=C/CCCCCCCC(O)=O
HMDB0000157	OC1=NC=NC2=C1NC=N2
HMDB0000126	OC[C@@H](O)COP(O)(O)=O
HMDB0000192	N[C@@H](CSSC[C@H](N)C(O)=O)C(O)=O
HMDB0000288	O[C@H]1[C@@H](O)[C@@H](O[C@@H]1COP(O)(O)=O)N1C=CC(=O)NC1=O
HMDB0004326	COC1C(O)C(CO)OC1N1C=NC2=C(N)N=CN=C12
HMDB0002212	CCCCCCCCCCCCCCCCCCCC(O)=O
HMDB0000522	C\C(CC(O)=O)=C/C(O)=O
HMDB0000772	CCCCCCCCCCCCCCCCCCC(O)=O
HMDB0014420	CCCC1=NC(=C(N1CC1=CC=C(C=C1)C1=C(C=CC=C1)C1=NN=NN1)C(O)=O)C(C)(C)O
HMDB0006029	CC(=O)NC(CCC(N)=O)C(O)=O
HMDB0032055	CC(=O)NC(CC1=CNC=N1)C(O)=O
HMDB0000696	CSCC[C@H](N)C(O)=O
HMDB0000039	CCCC(O)=O
HMDB0007983	[H][C@@](COC(=O)CCCCCCCCCCCCCCC)(COP([O-])(=O)OCC[N+](C)(C)C)OC(=O)CCCCCC\C=C/C\C=C/C\C=C/C\C=C/CC
HMDB0006344	NC(=O)CC[C@H](NC(=O)CC1=CC=CC=C1)C(O)=O
HMDB0000133	NC1=NC2=C(N=CN2[C@@H]2O[C@H](CO)[C@@H](O)[C@H]2O)C(=O)N1
HMDB0000239	CC1=C(O)C(CO)=C(CO)C=N1
HMDB0029377	O=C(\C=C\C=C\C1=CC2=C(OCO2)C=C1)N1CCCCC1
HMDB0000791	CCCCCCCC(=O)O[C@H](CC([O-])=O)C[N+](C)(C)C
HMDB0003333	NC1=NC2=C(N=C(O)N2[C@H]2C[C@H](O)[C@@H](CO)O2)C(=O)N1
HMDB0000715	OC(=O)C1=CC(=O)C2=CC=CC=C2N1
HMDB0000044	[H][C@@]1(OC(=O)C(O)=C1O)[C@@H](O)CO
HMDB0000207	CCCCCCCC\C=C/CCCCCCCC(O)=O
HMDB0000714	OC(=O)CNC(=O)C1=CC=CC=C1
HMDB0000014	NC1=NC(=O)N(C=C1)[C@H]1C[C@H](O)[C@@H](CO)O1
HMDB0060038	CCCCCC\C=C/CCCCCCCCC(O)=O
HMDB0000019	CC(C)C(=O)C(O)=O
HMDB0000124	OCC(=O)[C@@H](O)[C@H](O)[C@H](O)COP(O)(O)=O
HMDB0000708	[H][C@@]1(CC[C@@]2([H])[C@]3([H])[C@@H](O)C[C@]4([H])C[C@H](O)CC[C@]4(C)[C@@]3([H])CC[C@]12C)[C@H](C)CCC(=O)NCC(O)=O
HMDB0000767	OC[C@H]1O[C@H]([C@H](O)[C@@H]1O)C1=CNC(=O)NC1=O
HMDB0094696	CN1CCC[C@H]1C(O)=O
HMDB0000269	CCCCCCCCCCCCCCC[C@@H](O)[C@@H](N)CO
HMDB0001406	NC(=O)C1=CC=CN=C1
HMDB0002005	CS(=O)CCC(N)C(O)=O
HMDB0000254	OC(=O)CCC(O)=O
HMDB0000733	[H][C@@]12CC[C@H]([C@H](C)CCC(O)=O)[C@@]1(C)CC[C@@]1([H])[C@@]2([H])C[C@H](O)C2C[C@H](O)CC[C@]12C
HMDB0000511	CCCCCCCCCC(O)=O
HMDB0000557	CC[C@@H](C)[C@H](N)C(O)=O
HMDB0000355	CC(O)(CC(O)=O)CC(O)=O
HMDB0000895	CC(=O)OCC[N+](C)(C)C
HMDB0011212	CCCCCCCCCCCCCC\C=C/OC[C@@]([H])(COP([O-])(=O)OCC[N+](C)(C)C)OC(=O)CCCC\C=C/C\C=C/C\C=C/CCCCC
HMDB0000210	CC(C)(CO)[C@@H](O)C(=O)NCCC(O)=O
HMDB0000101	NC1=NC=NC2=C1N=CN2[C@H]1C[C@H](O)[C@@H](CO)O1
HMDB0003282	CN1C(N)=NC2=C(NC=N2)C1=O
